"","longitude","latitude","examined","positive","prev","alt","temp","prec","hum","pop","dist_aqua"
"1",31.0572,-15.1103,11,3,0.272727272727273,915,28.6746959686279,90.0583343505859,64.8833312988281,6.9477858543396,49.8110008239746
"2",31.6764,-15.7569,7,0,0,437,31.2485675811768,67.4166641235352,64.4250030517578,6.59161233901978,2.06900000572205
"3",31.6786,-22.0792,33,5,0.151515151515152,454,30.507682800293,40.9000015258789,69.4833297729492,33.274959564209,6.1710000038147
"4",31.689,-22.0767,29,3,0.103448275862069,462,30.507682800293,40.9000015258789,69.4833297729492,26.3447017669678,6.41900014877319
"5",31.7461,-15.8078,67,24,0.358208955223881,455,31.9087333679199,67.4166641235352,64.4250030517578,20.4278888702393,6.58099985122681
"6",31.8991,-15.1736,12,3,0.25,851,29.2918643951416,95.1333312988281,64.7083358764648,12.9019222259521,40.3339996337891
"7",31.984,-22.8618,37,5,0.135135135135135,170,31.8426704406738,34.8499984741211,69.2416687011719,4.8047981262207,1.87600004673004
"8",31.991,-25.9536,10,0,0,593,26.6839027404785,73.4166641235352,68.875,33.0646858215332,3.53399991989136
"9",31.9935,-25.4438,4,0,0,142,29.3591918945312,50.875,69.4416656494141,386.050140380859,0.46399998664856
"10",32.0151,-25.9772,12,0,0,549,27.5057487487793,71.1916656494141,69.841667175293,100.505027770996,2.24600005149841
"11",32.1808,-26.0947,2,0,0,60,30.1350135803223,61.375,71.1666641235352,11.3205137252808,0.879000008106232
"12",32.1873,-26.7663,6,0,0,107,29.516242980957,53.0250015258789,71.3583297729492,4.95254945755005,7.88100004196167
"13",32.2365,-25.5958,10,1,0.1,103,30.2355499267578,59.658332824707,71.4000015258789,57.9990615844727,0.934000015258789
"14",32.3404,-26.0422,12,0,0,15,30.308422088623,62.5083351135254,72.6333312988281,134.972427368164,1.74600005149841
"15",32.363,-14.3937,10,10,1,866,30.1987285614014,94.0583343505859,64.0999984741211,12.3874521255493,12.0279998779297
"16",32.3874,-26.1087,8,0,0,37,29.9045848846436,62.5083351135254,72.6333312988281,40.7387886047363,2.30200004577637
"17",32.4228,-25.8654,10,2,0.2,28,30.5308742523193,62.8666648864746,72.75,82.5745010375977,2.53399991989136
"18",32.4258,-25.9836,5,0,0,17,30.1581497192383,62.8666648864746,72.75,498.488433837891,1.37199997901917
"19",32.447,-25.9107,9,1,0.111111111111111,30,30.49241065979,62.8666648864746,72.75,3624.12451171875,1.30499994754791
"20",32.4491,-25.9589,4,0,0,29,30.1581497192383,62.8666648864746,72.75,4690.177734375,0.819999992847443
"21",32.4539,-23.4691,21,8,0.380952380952381,97,32.053108215332,37.8666648864746,71.3166656494141,8.56334781646729,0.252000004053116
"22",32.4548,-25.9276,12,0,0,31,30.3176136016846,62.8666648864746,72.75,4186.96240234375,2.01300001144409
"23",32.455,-25.9209,6,0,0,31,30.3176136016846,62.8666648864746,72.75,3142.896484375,1.9190000295639
"24",32.4673,-25.9159,9,0,0,28,30.3680534362793,62.8666648864746,72.75,3264.6025390625,3.21900010108948
"25",32.4686,-25.9762,1,0,0,7,29.8490028381348,62.8666648864746,72.75,2240.35034179688,0.837000012397766
"26",32.4687,-25.9625,10,0,0,21,29.8490028381348,62.8666648864746,72.75,4832.6220703125,1.26400005817413
"27",32.469,-23.4679,11,5,0.454545454545455,108,32.0591812133789,37.8666648864746,71.3166656494141,8.67359447479248,1.66999995708466
"28",32.5092,-22.2597,18,3,0.166666666666667,174,31.9317474365234,38.6083335876465,72.3499984741211,0.666436970233917,1.57599997520447
"29",32.5128,-25.9028,7,0,0,30,30.2576961517334,65.9166641235352,73.9833297729492,484.491912841797,0.370999991893768
"30",32.5304,-23.8393,12,2,0.166666666666667,77,31.7849979400635,44.3499984741211,72.125,5.6428542137146,0.83899998664856
"31",32.5433,-25.9297,10,0,0,27,29.9228591918945,65.9166641235352,73.9833297729492,3518.52905273438,1.05400002002716
"32",32.5519,-25.9415,10,0,0,33,29.9228591918945,65.9166641235352,73.9833297729492,12131.7060546875,1.625
"33",32.554,-25.9113,12,1,0.0833333333333333,16,30.2130069732666,65.9166641235352,73.9833297729492,2985.05151367188,1.88499999046326
"34",32.5566,-25.917,8,1,0.125,26,29.9228591918945,65.9166641235352,73.9833297729492,2985.05151367188,1.89300000667572
"35",32.559,-25.9282,13,0,0,35,29.9228591918945,65.9166641235352,73.9833297729492,9482.7080078125,2.21399998664856
"36",32.563,-25.9459,7,2,0.285714285714286,34,29.9228591918945,65.9166641235352,73.9833297729492,11704.154296875,2.28200006484985
"37",32.5704,-25.9344,11,0,0,33,29.9228591918945,65.9166641235352,73.9833297729492,10544.859375,3.46199989318848
"38",32.5715,-25.9075,8,0,0,39,30.2130069732666,65.9166641235352,73.9833297729492,2423.28686523438,3.65300011634827
"39",32.5728,-25.8812,13,2,0.153846153846154,30,30.2130069732666,65.9166641235352,73.9833297729492,3195.119140625,2.25099992752075
"40",32.5808,-25.9612,1,0,0,54,29.6676406860352,65.9166641235352,73.9833297729492,4488.64599609375,2.06599998474121
"41",32.5818,-25.9656,3,0,0,54,29.6676406860352,65.9166641235352,73.9833297729492,4234.85986328125,1.54200005531311
"42",32.5837,-25.8899,10,0,0,46,29.9843158721924,65.9166641235352,73.9833297729492,2553.53344726562,2.55999994277954
"43",32.5922,-25.9144,6,0,0,44,29.9843158721924,65.9166641235352,73.9833297729492,3365.00244140625,3.83200001716614
"44",32.5938,-25.9197,5,0,0,52,29.7830772399902,65.9166641235352,73.9833297729492,3167.869140625,3.5
"45",32.5953,-23.8517,31,2,0.0645161290322581,65,32.1275863647461,44.3499984741211,72.125,26.2886371612549,0.822000026702881
"46",32.5988,-25.9603,1,0,0,59,29.4295673370361,65.9166641235352,73.9833297729492,3139.83911132812,0.533999979496002
"47",32.604,-25.9398,10,0,0,45,29.7830772399902,65.9166641235352,73.9833297729492,7444.859375,1.61300003528595
"48",32.6126,-25.9102,17,1,0.0588235294117647,46,29.9843158721924,65.9166641235352,73.9833297729492,3744.265625,2.2960000038147
"49",32.6173,-25.9373,12,0,0,6,29.7830772399902,65.9166641235352,73.9833297729492,6543.60986328125,0.813000023365021
"50",32.624,-25.0541,9,1,0.111111111111111,31,30.9044723510742,64.1333312988281,72.8499984741211,41.5925559997559,0.537999987602234
"51",32.6243,-25.8975,4,0,0,33,29.9843158721924,65.9166641235352,73.9833297729492,3014.41064453125,2.36100006103516
"52",32.6273,-25.7531,10,0,0,41,29.948766708374,66.625,73.6416702270508,340.921417236328,0.814000010490417
"53",32.6365,-25.0214,4,0,0,41,30.9932613372803,64.1333312988281,72.8499984741211,148.670028686523,1.36500000953674
"54",32.638,-25.8118,13,2,0.153846153846154,48,30.0001640319824,66.625,73.6416702270508,411.105560302734,3.95499992370605
"55",32.6434,-25.0174,7,0,0,38,30.9932613372803,64.1333312988281,72.8499984741211,146.770751953125,1.62899994850159
"56",32.6467,-25.0026,11,0,0,45,30.9932613372803,64.1333312988281,72.8499984741211,48.8393592834473,1.63900005817413
"57",32.6834,-24.8668,134,89,0.664179104477612,46,30.6622295379639,66.1416702270508,73.4333343505859,5.12864542007446,7.43599987030029
"58",32.7414,-25.5037,10,1,0.1,31,30.097261428833,68.3833312988281,74.2333297729492,22.3192024230957,2.06200003623962
"59",32.7547,-24.5363,16,0,0,47,31.0508785247803,59.5250015258789,73.125,10.3251838684082,5.19199991226196
"60",32.7614,-20.6832,5,2,0.4,352,30.7526950836182,55.6166648864746,73.9749984741211,40.7071075439453,3.2960000038147
"61",32.7657,-15.5934,14,1,0.0714285714285714,882,31.5710945129395,67.2583312988281,63.5083351135254,231.785461425781,3.62800002098083
"62",32.7738,-24.5094,3,0,0,45,31.0508785247803,59.5250015258789,73.125,9.22426795959473,5.99599981307983
"63",32.7738,-20.5345,5,1,0.2,568,28.4898166656494,65.033332824707,73.9583358764648,25.1535339355469,10.5459995269775
"64",32.7805,-25.4328,1499,436,0.290860573715811,32,30.1759300231934,67.6999969482422,73.9583358764648,566.616271972656,2.43199992179871
"65",32.7867,-25.3553,7,0,0,31,30.268461227417,67.6999969482422,73.9583358764648,58.1374015808105,6.05900001525879
"66",32.7995,-25.157,7,1,0.142857142857143,27,30.7034511566162,67.408332824707,73.591667175293,94.8804321289062,2.49600005149841
"67",32.8151,-25.3868,14,0,0,24,30.2291984558105,67.6999969482422,73.9583358764648,464.055145263672,1.90699994564056
"68",32.818,-26.6345,7,0,0,28,28.3701591491699,68.8916702270508,74.1166687011719,1.5799343585968,1.17599999904633
"69",32.8182,-16.4247,43,18,0.418604651162791,280,33.3713417053223,61.0583343505859,63.7916679382324,2.95242166519165,0.96399998664856
"70",32.8392,-25.5391,6,0,0,12,29.8858737945557,68.3833312988281,74.2333297729492,8.85886573791504,2.87400007247925
"71",32.8549,-25.2688,9,2,0.222222222222222,32,30.3875255584717,71.9583358764648,74.4499969482422,160.013076782227,0.83899998664856
"72",32.8698,-19.5426,6,0,0,1131,22.852933883667,81.2750015258789,73.8666687011719,6.9483060836792,29.6860008239746
"73",32.8702,-18.9395,3,0,0,721,28.420202255249,112.324996948242,73.1999969482422,667.197265625,1.87399995326996
"74",32.8814,-20.7632,4,1,0.25,331,30.4666271209717,58.716667175293,74.2083358764648,15.9297761917114,8.41899967193604
"75",32.9036,-24.4903,14,8,0.571428571428571,38,31.3774108886719,52.6500015258789,73.625,63.3088035583496,2.56100010871887
"76",32.9167,-16.9625,46,17,0.369565217391304,633,30.0760917663574,77.1333312988281,66.158332824707,13.4853134155273,7.05999994277954
"77",32.9338,-18.9575,1,0,0,727,28.7353210449219,112.324996948242,73.1999969482422,91.2543182373047,2.74699997901917
"78",32.9346,-18.9929,6,2,0.333333333333333,731,28.3851203918457,112.324996948242,73.1999969482422,26.7167015075684,1.97699999809265
"79",32.9569,-24.4729,19,11,0.578947368421053,33,31.4678592681885,52.6500015258789,73.625,25.4198322296143,1.48300004005432
"80",32.964,-25.1846,8,2,0.25,11,30.0752696990967,71.9583358764648,74.4499969482422,15.5801639556885,1.27300000190735
"81",32.9696,-25.4694,184,116,0.630434782608696,17,29.6266136169434,71.8916702270508,74.6500015258789,8.63700294494629,0.870999991893768
"82",33.0057,-24.5353,38,22,0.578947368421053,31,31.2866153717041,58.0999984741211,74.3083343505859,930.064636230469,2.5550000667572
"83",33.0104,-17.9877,64,22,0.34375,1328,24.4059352874756,141.433334350586,71.091667175293,3.02969765663147,7.59700012207031
"84",33.0153,-17.8214,77,27,0.350649350649351,850,27.6433219909668,128.991668701172,70.1333312988281,15.8574600219727,15.4619998931885
"85",33.0497,-24.4817,10,0,0,33,31.4358654022217,52.8333320617676,74.158332824707,65.7870788574219,1.42700004577637
"86",33.0533,-25.0568,7,0,0,63,30.0566253662109,77.3666687011719,74.8166656494141,162.227264404297,6.30900001525879
"87",33.0843,-20.2143,2,2,1,386,29.8385772705078,68.3000030517578,74.25,15.7287702560425,12.9130001068115
"88",33.0989,-25.027,11,0,0,62,29.8904933929443,77.3666687011719,74.8166656494141,833.735900878906,8.94499969482422
"89",33.0989,-16.6472,44,13,0.295454545454545,231,33.3717460632324,63.3916664123535,63.5999984741211,11.6815433502197,1.15100002288818
"90",33.106,-15.8428,40,10,0.25,333,34.1775817871094,59.0666656494141,62.3666648864746,8.33003997802734,7.54099988937378
"91",33.1691,-18.0617,6,3,0.5,616,29.9084415435791,141.975006103516,70.6750030517578,551.723876953125,5.06899976730347
"92",33.1785,-18.0515,5,2,0.4,595,29.9084415435791,141.975006103516,70.6750030517578,454.812286376953,4.39599990844727
"93",33.2089,-17.9253,121,50,0.413223140495868,597,29.9210681915283,131.925003051758,70.1416702270508,36.4521446228027,11.5780000686646
"94",33.2146,-21.3274,2,0,0,148,31.3983592987061,53.8833351135254,74.6999969482422,3.28356719017029,16.0400009155273
"95",33.237,-24.6359,10,6,0.6,24,30.8049659729004,60.283332824707,74.8333358764648,22.9175186157227,0.370999991893768
"96",33.2796,-16.8373,58,31,0.53448275862069,247,33.0984840393066,74.6500015258789,65.2416687011719,22.9595813751221,0.717000007629395
"97",33.3178,-24.8635,10,1,0.1,86,29.797456741333,75.8083343505859,75.1416702270508,32.0415191650391,9.57299995422363
"98",33.3179,-19.4624,4,2,0.5,553,29.376781463623,78.7416687011719,73.216667175293,40.6973762512207,3.26600003242493
"99",33.3218,-24.659,32,21,0.65625,26,30.9267139434814,60.283332824707,74.8333358764648,172.128616333008,0.407999992370605
"100",33.3269,-24.6184,68,36,0.529411764705882,18,31.1149101257324,60.283332824707,74.8333358764648,32.7961082458496,4.30499982833862
"101",33.3333,-15.5853,12,4,0.333333333333333,536,33.5494194030762,66.8166656494141,63.2083320617676,8.5202522277832,26.867000579834
"102",33.3374,-24.9256,11,0,0,74,29.7169933319092,76.8083343505859,75.6916656494141,105.58479309082,11.7180004119873
"103",33.3505,-16.8248,5,1,0.2,284,32.9450645446777,68.8499984741211,64.2916641235352,2.41594314575195,6.5149998664856
"104",33.3639,-19.2734,1,1,1,657,28.8941287994385,84.8000030517578,72.8000030517578,34.877311706543,7.46700000762939
"105",33.4106,-15.0436,14,7,0.5,671,32.1732330322266,78.5749969482422,65.1833343505859,37.1780166625977,36.9449996948242
"106",33.4528,-19.1158,10,2,0.2,700,28.9544944763184,92.2583312988281,72.4499969482422,2557.37817382812,5.01900005340576
"107",33.4602,-19.126,4,1,0.25,704,28.5485000610352,92.2583312988281,72.4499969482422,1690.19189453125,5.19899988174438
"108",33.4622,-19.0869,5,2,0.4,680,28.7718105316162,92.2583312988281,72.4499969482422,1674.15222167969,5.9229998588562
"109",33.4683,-19.0949,7,0,0,660,28.7718105316162,92.2583312988281,72.4499969482422,1912.80444335938,5.95900011062622
"110",33.4744,-24.7869,24,11,0.458333333333333,15,30.6615772247314,68.4250030517578,75.5250015258789,55.5495262145996,0.0930000022053719
"111",33.4784,-19.144,4,0,0,722,28.5485000610352,92.2583312988281,72.4499969482422,1298.65576171875,2.89199995994568
"112",33.483,-19.0966,5,0,0,664,28.7718105316162,92.2583312988281,72.4499969482422,1602.54931640625,4.84499979019165
"113",33.4833,-19.25,55,21,0.381818181818182,698,28.5162181854248,84.8000030517578,72.8000030517578,60.4451141357422,3.38499999046326
"114",33.4873,-19.1232,5,0,0,697,28.7718105316162,92.2583312988281,72.4499969482422,2705.6142578125,2.9449999332428
"115",33.4876,-25.2132,15,4,0.266666666666667,8,29.4673004150391,83.2583312988281,76.0416641235352,29.5748023986816,0.694999992847443
"116",33.5008,-19.1074,4,2,0.5,684,28.7094573974609,94.6500015258789,72.625,1040.76770019531,3.78099989891052
"117",33.5119,-19.49,47,15,0.319148936170213,430,29.6060905456543,80.3333358764648,73.4250030517578,36.2875633239746,3.5090000629425
"118",33.5333,-24.6856,11,3,0.272727272727273,98,30.7372703552246,68.3833312988281,75.908332824707,2102.11987304688,1.85099995136261
"119",33.5349,-24.6857,91,50,0.549450549450549,101,30.7372703552246,68.3833312988281,75.908332824707,2102.11987304688,1.99899995326996
"120",33.5451,-24.6834,7,1,0.142857142857143,112,30.1920852661133,68.3833312988281,75.908332824707,481.465118408203,2.8050000667572
"121",33.5479,-15.8261,58,21,0.362068965517241,437,32.9510803222656,64.9583358764648,62.8166656494141,7.42265176773071,10.9840002059937
"122",33.5833,-24.65,59,38,0.644067796610169,107,30.3434047698975,61.7916679382324,75.6333312988281,31.0764427185059,2.61700010299683
"123",33.5913,-16.1614,5,2,0.4,145,33.934642791748,55.2750015258789,60.9333343505859,1478.61279296875,0.451999992132187
"124",33.6026,-16.1386,10,1,0.1,148,33.934642791748,55.2750015258789,60.9333343505859,1812.17736816406,1.13199996948242
"125",33.6056,-16.151,9,1,0.111111111111111,135,33.934642791748,55.2750015258789,60.9333343505859,1427.783203125,0.651000022888184
"126",33.6192,-16.1573,13,0,0,148,33.934642791748,55.2750015258789,60.9333343505859,544.322509765625,0.497000008821487
"127",33.6294,-16.1334,17,3,0.176470588235294,145,34.1106376647949,55.2750015258789,60.9333343505859,1098.28198242188,1.3309999704361
"128",33.6318,-16.1395,9,0,0,145,34.1106376647949,55.2750015258789,60.9333343505859,642.281188964844,0.985000014305115
"129",33.6377,-16.1765,40,14,0.35,149,33.8442611694336,56.5583343505859,61.3250007629395,125.017456054688,0.853999972343445
"130",33.6392,-25.0442,12,1,0.0833333333333333,4,29.7340259552002,83.5500030517578,76.4166641235352,1884.62878417969,0.527999997138977
"131",33.6398,-19.1494,50,15,0.3,540,29.2058696746826,94.6500015258789,72.625,18.2765979766846,5.80900001525879
"132",33.646,-19.0767,84,18,0.214285714285714,610,28.9956016540527,94.6500015258789,72.625,749.585998535156,3.01699995994568
"133",33.6483,-16.1362,8,0,0,130,34.1106376647949,55.2750015258789,60.9333343505859,264.298645019531,0.579999983310699
"134",33.6513,-20.2928,14,10,0.714285714285714,120,31.3162078857422,71.408332824707,74.9333343505859,13.7331666946411,5.40999984741211
"135",33.6649,-25.0628,5,1,0.2,41,29.7340259552002,83.5500030517578,76.4166641235352,1938.17028808594,1.80200004577637
"136",33.6674,-25.0513,11,2,0.181818181818182,33,29.6609115600586,82.216667175293,76.6750030517578,1729.58898925781,1.46300005912781
"137",33.6824,-19.4528,1,1,1,145,31.417028427124,79.158332824707,73.7666702270508,5.93141174316406,14.548999786377
"138",33.6899,-25.0619,4,0,0,43,29.6609115600586,82.216667175293,76.6750030517578,1209.39965820312,3.80399990081787
"139",33.7041,-25.0417,12,2,0.166666666666667,23,29.6609115600586,82.216667175293,76.6750030517578,396.458618164062,4.03700017929077
"140",33.7198,-16.1131,10,4,0.4,176,33.7585830688477,58.0416679382324,61.7333335876465,428.495788574219,2.67000007629395
"141",33.7322,-16.1228,75,25,0.333333333333333,184,33.7585830688477,58.0416679382324,61.7333335876465,331.320770263672,4.31199979782104
"142",33.75,-19.1833,87,18,0.206896551724138,326,30.5875835418701,84.4250030517578,73.341667175293,20.4066925048828,15.9840002059937
"143",33.7731,-24.8714,13,3,0.230769230769231,66,29.8171443939209,75.8333358764648,76.4333343505859,43.3127708435059,6.9060001373291
"144",33.7873,-24.6797,79,47,0.594936708860759,83,30.3901634216309,66.2750015258789,76.1666641235352,27.4804821014404,7.53700017929077
"145",33.8465,-25.0147,8,3,0.375,50,29.6526222229004,80.6083297729492,76.8249969482422,61.782413482666,4.08300018310547
"146",33.8562,-24.7192,3,2,0.666666666666667,72,30.178409576416,67.1833343505859,76.4250030517578,363.138458251953,2.01600003242493
"147",33.874,-24.7104,5,2,0.4,71,30.178409576416,67.1833343505859,76.4250030517578,497.30712890625,1.05599999427795
"148",33.8804,-20.5971,13,4,0.307692307692308,131,30.7909297943115,74.091667175293,75.783332824707,12.8192043304443,27.3640003204346
"149",33.8909,-19.1996,49,21,0.428571428571429,249,31.4621715545654,82.4333343505859,73.7333297729492,46.7282409667969,27.7320003509521
"150",33.8966,-24.766,9,5,0.555555555555556,76,30.0498523712158,67.1833343505859,76.4250030517578,125.571556091309,3.48399996757507
"151",33.8978,-19.0159,68,26,0.382352941176471,437,29.9261703491211,90.0583343505859,73.3499984741211,19.5535335540771,15.1890001296997
"152",33.8978,-14.5844,15,4,0.266666666666667,1181,26.4044609069824,80.9583358764648,68.783332824707,29.6282615661621,46.2980003356934
"153",33.9196,-19.2143,6,5,0.833333333333333,241,31.8459548950195,82.4333343505859,73.7333297729492,245.582244873047,29.9440002441406
"154",33.9245,-24.6391,4,0,0,68,30.51416015625,61.966667175293,76.2416687011719,21.8234519958496,5.74300003051758
"155",33.9461,-16.5422,39,17,0.435897435897436,117,33.3423194885254,62.7416648864746,64.125,7.58783054351807,0.564000010490417
"156",33.9549,-14.5418,11,8,0.727272727272727,1174,26.7112979888916,80.9583358764648,68.783332824707,39.8715133666992,39.9799995422363
"157",33.9568,-18.4282,9,7,0.777777777777778,476,29.8003253936768,116.875,72.0999984741211,7.2027645111084,37.7849998474121
"158",33.985,-14.6903,63,23,0.365079365079365,1062,27.0784873962402,81.5250015258789,68.1833343505859,22.0240573883057,40.3330001831055
"159",34.0302,-18.5517,20,17,0.85,439,30.0227241516113,110.958335876465,72.8083343505859,22.1729831695557,29.8129997253418
"160",34.0575,-16.8724,5,1,0.2,196,33.0095138549805,71.341667175293,66.5833358764648,14.8020391464233,22.6580009460449
"161",34.0697,-18.6799,10,2,0.2,351,30.5152378082275,101.050003051758,73.0416641235352,164.16227722168,22.0610008239746
"162",34.0702,-14.777,10,7,0.7,1124,26.8601894378662,78.783332824707,68.216667175293,28.2558822631836,27.8020000457764
"163",34.0748,-24.6569,11,6,0.545454545454545,74,30.3835391998291,64.716667175293,76.4916687011719,4.62894058227539,3.0090000629425
"164",34.1487,-24.8223,3,1,0.333333333333333,76,29.7032737731934,69.6750030517578,76.6750030517578,35.8539276123047,2.13800001144409
"165",34.1614,-14.6222,11,9,0.818181818181818,1146,26.5854911804199,80.2249984741211,69.2333297729492,37.7655830383301,43.3240013122559
"166",34.2037,-19.2459,3,1,0.333333333333333,68,32.6934967041016,81.0166702270508,74.5166702270508,255.451309204102,13.6160001754761
"167",34.2106,-19.2694,9,4,0.444444444444444,59,32.9364013671875,81.0166702270508,74.5166702270508,971.956665039062,10.9429998397827
"168",34.2108,-22.0156,10,1,0.1,190,29.840446472168,53.3583335876465,76.3666687011719,4.70190572738647,12.4820003509521
"169",34.211,-19.2953,120,47,0.391666666666667,62,32.8204040527344,81.0166702270508,74.5166702270508,225.807052612305,8.51700019836426
"170",34.2206,-18.502,7,5,0.714285714285714,267,31.2673759460449,98.7416687011719,73.0166702270508,11.3206815719604,29.4589996337891
"171",34.2217,-22.5568,4,3,0.75,128,31.245662689209,52.1333351135254,76.158332824707,9.74267482757568,24.8320007324219
"172",34.2417,-15.8042,21,2,0.0952380952380952,380,32.1022262573242,75.3583297729492,64.9583358764648,57.618091583252,14.8669996261597
"173",34.2732,-21.3589,15,11,0.733333333333333,83,30.081693649292,62.0166664123535,76.591667175293,1.59587001800537,6.04899978637695
"174",34.2747,-16.1769,43,14,0.325581395348837,304,32.3478965759277,65.2666702270508,64.875,7.90614080429077,28.4850006103516
"175",34.2894,-19.2269,123,48,0.390243902439024,36,32.9059562683105,81.0166702270508,74.5166702270508,34.7839660644531,12.8090000152588
"176",34.2904,-14.7769,4,1,0.25,1106,27.1207046508789,78.1083297729492,68.6333312988281,31.4989986419678,29.7910003662109
"177",34.3083,-15.5208,43,17,0.395348837209302,782,29.4291400909424,81.6166687011719,66.3249969482422,31.4888114929199,10.4340000152588
"178",34.3089,-24.8151,5,3,0.6,104,29.4826946258545,72.7249984741211,76.8499984741211,44.1450004577637,6.40299987792969
"179",34.3417,-19.9552,4,2,0.5,40,31.3763637542725,98.7333297729492,76.1666641235352,9.20510768890381,3.45000004768372
"180",34.3429,-19.6492,9,4,0.444444444444444,78,31.2307968139648,95.841667175293,75.625,3.9132125377655,12.5319995880127
"181",34.3506,-14.4618,8,1,0.125,1447,24.8637828826904,87.7916641235352,70.5999984741211,66.4356460571289,35.8339996337891
"182",34.3523,-24.7244,12,1,0.0833333333333333,68,29.9399433135986,76.4250030517578,76.966667175293,29.883581161499,4.19500017166138
"183",34.3593,-14.7114,13,8,0.615384615384615,1272,26.3100490570068,79.9333343505859,69.3916702270508,415.553771972656,35.3460006713867
"184",34.3783,-15.0459,14,6,0.428571428571429,1158,26.6258335113525,84.9333343505859,69.7583312988281,28.592342376709,21.826000213623
"185",34.3868,-17.9646,32,20,0.625,200,32.6883277893066,91.2583312988281,71.6083297729492,37.3266716003418,55.4799995422363
"186",34.4065,-19.4179,96,42,0.4375,12,32.5274314880371,91.6750030517578,75.3083343505859,53.9189872741699,2.80200004577637
"187",34.4334,-15.5938,47,13,0.276595744680851,888,28.4915180206299,83.3166656494141,67.4250030517578,179.828125,16.7119998931885
"188",34.4382,-14.571,10,6,0.6,1406,25.117073059082,82.1666641235352,69.9833297729492,53.3056983947754,40.4039993286133
"189",34.4708,-19.2417,53,14,0.264150943396226,15,32.4805603027344,88.216667175293,74.908332824707,10.6729984283447,4.57800006866455
"190",34.4833,-22.2167,74,17,0.22972972972973,193,29.8616428375244,55.5499992370605,76.6083297729492,2.1955738067627,31.0979995727539
"191",34.5097,-19.8689,7,5,0.714285714285714,8,31.4047088623047,106.841667175293,76.591667175293,44.6405410766602,0.671999990940094
"192",34.5235,-14.7284,13,5,0.384615384615385,1346,25.4968814849854,79.533332824707,69.341667175293,64.991584777832,24.8490009307861
"193",34.5819,-21.5103,17,9,0.529411764705882,134,29.361988067627,63.783332824707,77.1416702270508,0.719442009925842,6.60099983215332
"194",34.5941,-19.8834,10,2,0.2,8,31.0586109161377,106.841667175293,76.591667175293,180.425384521484,0.370999991893768
"195",34.5978,-19.5014,75,44,0.586666666666667,14,31.6051483154297,104.175003051758,76.0749969482422,245.857070922852,5.02600002288818
"196",34.6196,-19.5384,139,63,0.453237410071942,22,31.6051483154297,104.175003051758,76.0749969482422,658.759643554688,6.59299993515015
"197",34.6249,-19.5364,4,1,0.25,22,31.6051483154297,104.175003051758,76.0749969482422,649.9921875,6.96700000762939
"198",34.6252,-21.1174,21,12,0.571428571428571,46,30.1558990478516,72.75,77.1916656494141,14.3750600814819,0.58899998664856
"199",34.6326,-24.7082,8,4,0.5,80,29.7507514953613,80.0666656494141,77.0666656494141,48.4393310546875,7.51900005340576
"200",34.6736,-16.6678,13,8,0.615384615384615,122,33.1771926879883,66.8083343505859,68.4333343505859,30.0727653503418,13.7329998016357
"201",34.7022,-24.7404,11,6,0.545454545454545,73,29.242561340332,82.6166687011719,77.2083358764648,35.3902702331543,1.34200000762939
"202",34.7122,-19.3833,87,48,0.551724137931034,110,31.1338443756104,108.191665649414,76.1333312988281,19.5299472808838,15.4630002975464
"203",34.7134,-19.5792,4,1,0.25,51,31.0080375671387,113.25,76.4749984741211,483.184875488281,9.1899995803833
"204",34.7189,-23.9455,17,11,0.647058823529412,152,31.0171241760254,61.783332824707,76.466667175293,2.33792805671692,20.1770000457764
"205",34.7338,-19.622,9,2,0.222222222222222,47,30.9593353271484,113.25,76.4749984741211,726.129699707031,3.99499988555908
"206",34.8043,-12.6079,13,2,0.153846153846154,507,29.1361083984375,137.574996948242,72.1999969482422,25.6953010559082,3.21499991416931
"207",34.811,-12.6921,6,1,0.166666666666667,487,28.1752643585205,133.783340454102,71.4749984741211,59.0268783569336,0.293000012636185
"208",34.8185,-24.4925,11,7,0.636363636363636,21,30.0656776428223,74.0416641235352,76.8666687011719,19.1028442382812,0.698000013828278
"209",34.8245,-19.7265,3,0,0,28,30.5637989044189,117.425003051758,76.8083343505859,762.614501953125,4.82100009918213
"210",34.8342,-21.3306,23,16,0.695652173913043,60,29.5492134094238,72.1500015258789,77.7916641235352,5.27841329574585,1.64800000190735
"211",34.8373,-19.8358,3,0,0,7,30.3674583435059,125.658332824707,77.2083358764648,3114.8076171875,0.767000019550323
"212",34.8396,-23.5014,6,3,0.5,94,30.9882717132568,69.3833312988281,76.5666656494141,2.20208430290222,15.371000289917
"213",34.8437,-19.8443,6,0,0,9,30.3674583435059,125.658332824707,77.2083358764648,1800.0966796875,0.370999991893768
"214",34.8557,-19.8108,4,0,0,7,30.361701965332,125.658332824707,77.2083358764648,4068.35327148438,2.27099990844727
"215",34.8606,-19.7496,7,0,0,21,30.5225944519043,125.658332824707,77.2083358764648,2198.98168945312,5.72900009155273
"216",34.868,-19.8172,2,0,0,5,30.361701965332,125.658332824707,77.2083358764648,1751.35693359375,3.57800006866455
"217",34.8682,-19.7682,7,1,0.142857142857143,16,30.4252777099609,125.658332824707,77.2083358764648,1730.64453125,5.10300016403198
"218",34.8764,-13.4044,59,24,0.406779661016949,523,28.8563480377197,107.724998474121,69.1750030517578,36.4971580505371,0.811999976634979
"219",34.8854,-19.8164,2,0,0,4,30.3079967498779,125.658332824707,77.2083358764648,760.998840332031,3.18400001525879
"220",34.8874,-19.8439,3,1,0.333333333333333,8,30.2917594909668,125.658332824707,77.2083358764648,3297.33959960938,0.509999990463257
"221",34.8921,-17.1651,23,6,0.260869565217391,58,33.4398612976074,68.5833358764648,70.283332824707,63.4088249206543,0.324000000953674
"222",34.9083,-19.4736,121,54,0.446280991735537,42,30.8575267791748,112.416664123535,76.5083312988281,6.37308597564697,6.05299997329712
"223",34.9251,-19.4139,4,2,0.5,62,30.8103446960449,112.416664123535,76.5083312988281,4.66060924530029,2.32200002670288
"224",34.9253,-19.7867,2,0,0,11,30.3708515167236,125.658332824707,77.2083358764648,453.315551757812,0.349000006914139
"225",34.9499,-17.416,10,0,0,90,33.9649887084961,70.4583358764648,71.4499969482422,25.1796951293945,7.22300004959106
"226",35.0035,-20.9733,8,1,0.125,5,29.6932640075684,81.6916656494141,77.9749984741211,58.4450798034668,0.982999980449677
"227",35.0112,-22.3173,11,8,0.727272727272727,75,29.722484588623,64.8333358764648,77.8083343505859,7.92181062698364,15.7910003662109
"228",35.0222,-20.9881,37,22,0.594594594594595,4,29.6932640075684,81.6916656494141,77.9749984741211,61.1894035339355,0.328000009059906
"229",35.0422,-22.7924,7,2,0.285714285714286,106,30.1321029663086,71.7333297729492,77.341667175293,3.62326502799988,31.4979991912842
"230",35.0746,-17.4417,17,0,0,49,33.555248260498,69.2333297729492,71.966667175293,159.106796264648,0.583999991416931
"231",35.0798,-24.472,9,6,0.666666666666667,46,29.6737880706787,79.0749969482422,77.1416702270508,37.0398254394531,0.370999991893768
"232",35.0833,-20.9833,24,18,0.75,4,29.249418258667,81.6916656494141,77.9749984741211,12.8761987686157,0.903999984264374
"233",35.0877,-22.8267,50,15,0.3,93,30.0478992462158,71.7333297729492,77.341667175293,3.21732616424561,29.1299991607666
"234",35.119,-22.2919,10,2,0.2,43,29.902172088623,64.8333358764648,77.8083343505859,30.1012325286865,4.28800010681152
"235",35.1369,-24.2543,49,19,0.387755102040816,82,29.2337665557861,74.9333343505859,76.9749984741211,25.1732006072998,1.39400005340576
"236",35.1395,-24.0445,11,11,1,78,30.0775299072266,70.875,76.8166656494141,26.7979297637939,1.31500005722046
"237",35.15,-23.8834,4,1,0.25,114,30.1556167602539,70.4499969482422,76.6333312988281,261.370819091797,8.19499969482422
"238",35.1575,-17.157,9,3,0.333333333333333,119,32.8275337219238,78.4499969482422,71.6333312988281,42.9257202148438,8.62199974060059
"239",35.2005,-21.5327,9,5,0.555555555555556,3,29.364917755127,70.2583312988281,78.2750015258789,76.6808776855469,0.25900000333786
"240",35.2174,-13.4159,10,1,0.1,1187,25.0546112060547,95.5833358764648,71.4416656494141,13.3475570678711,14.0109996795654
"241",35.2224,-17.4892,9,3,0.333333333333333,36,33.797794342041,70.0583343505859,72.5666656494141,84.6455307006836,3.23900008201599
"242",35.2341,-23.681,12,2,0.166666666666667,63,30.1407432556152,75.9166641235352,76.75,36.8770179748535,8.36800003051758
"243",35.2396,-13.2864,14,2,0.142857142857143,1360,24.8314533233643,97.5999984741211,72.1916656494141,1193.27368164062,7.23699998855591
"244",35.2447,-13.3112,9,2,0.222222222222222,1356,24.8353939056396,97.5999984741211,72.1916656494141,1052.79638671875,6.13899993896484
"245",35.2478,-13.3121,11,1,0.0909090909090909,1356,24.8353939056396,97.5999984741211,72.1916656494141,1052.79638671875,5.86700010299683
"246",35.258,-13.3276,8,1,0.125,1385,24.6568450927734,97.5999984741211,72.1916656494141,527.856262207031,4.82399988174438
"247",35.2583,-13.293,8,1,0.125,1344,24.6568450927734,97.5999984741211,72.1916656494141,907.324462890625,5.11899995803833
"248",35.2596,-23.1875,64,19,0.296875,80,30.0762977600098,85.2916641235352,77.0500030517578,17.3103256225586,9.42700004577637
"249",35.2652,-13.6183,85,30,0.352941176470588,1200,25.5362987518311,93.7916641235352,70.5250015258789,47.8681259155273,25.8570003509521
"250",35.2691,-13.3424,11,1,0.0909090909090909,1371,24.7443866729736,95.5833358764648,71.4416656494141,528.018310546875,4.36800003051758
"251",35.3044,-13.331,17,14,0.823529411764706,1349,24.7040519714355,97.5999984741211,72.1916656494141,325.379150390625,1.02400004863739
"252",35.3124,-23.3832,49,14,0.285714285714286,86,29.9096603393555,84.4749984741211,76.9000015258789,35.0180282592773,5.88600015640259
"253",35.3137,-21.9922,12,0,0,18,29.4043960571289,65.216667175293,78.3083343505859,696.459350585938,1.13300001621246
"254",35.3169,-24.1076,91,26,0.285714285714286,42,29.7805843353271,74.5833358764648,76.9250030517578,60.3701553344727,7.3600001335144
"255",35.3178,-16.2142,58,11,0.189655172413793,415,29.4974250793457,108.425003051758,71.5250015258789,47.8451766967773,1.05499994754791
"256",35.3295,-24.1061,111,38,0.342342342342342,43,29.7805843353271,74.5833358764648,76.9250030517578,47.2140464782715,6.1269998550415
"257",35.3361,-23.6601,7,3,0.428571428571429,51,29.8280506134033,84.783332824707,76.966667175293,226.918609619141,2.01099991798401
"258",35.3402,-23.8645,2,0,0,38,29.7490119934082,78.5416641235352,76.9250030517578,1108.42578125,0.879999995231628
"259",35.3415,-13.0282,9,5,0.555555555555556,1070,26.7289924621582,103.841667175293,71.6666641235352,10.1247882843018,21.9270000457764
"260",35.3422,-23.8711,11,8,0.727272727272727,14,29.7490119934082,78.5416641235352,76.9250030517578,923.951049804688,0.203999996185303
"261",35.3442,-23.836,15,9,0.6,25,29.7490119934082,78.5416641235352,76.9250030517578,677.808471679688,0.51800000667572
"262",35.3445,-23.8439,10,3,0.3,23,29.7490119934082,78.5416641235352,76.9250030517578,801.896606445312,0.351999998092651
"263",35.3459,-23.8653,18,1,0.0555555555555556,20,29.7490119934082,78.5416641235352,76.9250030517578,922.533386230469,0.386999994516373
"264",35.3462,-23.6519,1,1,1,39,29.8280506134033,84.783332824707,76.966667175293,207.526336669922,1.03699994087219
"265",35.3472,-17.8297,19,4,0.210526315789474,37,33.2242431640625,81.7750015258789,74.1166687011719,320.083923339844,1.57700002193451
"266",35.3636,-16.68,9,5,0.555555555555556,65,32.5110168457031,73.5416641235352,71.2083358764648,25.4467906951904,6.95100021362305
"267",35.3832,-24.2332,36,10,0.277777777777778,49,29.603063583374,81.4250030517578,77.1416702270508,13.7464532852173,2.46799993515015
"268",35.3868,-23.8787,14,3,0.214285714285714,14,29.4439754486084,78.5416641235352,76.9250030517578,673.745361328125,0.732999980449677
"269",35.3906,-23.8713,10,1,0.1,10,29.4336090087891,78.5416641235352,76.9250030517578,843.938537597656,0.470999985933304
"270",35.3953,-23.8784,5,0,0,10,29.4439754486084,78.5416641235352,76.9250030517578,505.931579589844,1.13999998569489
"271",35.4042,-23.717,1871,705,0.376803848209514,9,29.4386520385742,80.591667175293,76.9250030517578,31.1987380981445,0.848999977111816
"272",35.4056,-24.2317,16,5,0.3125,58,29.603063583374,81.4250030517578,77.1416702270508,12.8788661956787,0.270000010728836
"273",35.4123,-13.4442,13,6,0.461538461538462,1095,26.317907333374,96.2916641235352,70.966667175293,9.3866024017334,18.0480003356934
"274",35.4513,-16.2111,70,14,0.2,561,28.926212310791,120.716667175293,72.2666702270508,49.2935371398926,8.17000007629395
"275",35.4522,-13.5272,98,34,0.346938775510204,978,26.7554912567139,93.9250030517578,70.0833358764648,12.4750757217407,17.6009998321533
"276",35.4602,-23.2342,78,24,0.307692307692308,101,29.6310482025146,91.5,77.2333297729492,32.1947212219238,3.07500004768372
"277",35.4761,-24.05,29,14,0.482758620689655,39,29.6923751831055,78.9333343505859,77.0416641235352,187.326553344727,1.77900004386902
"278",35.4893,-16.4279,41,9,0.219512195121951,372,29.4567642211914,98.7249984741211,71.7083358764648,28.7479286193848,21.9890003204346
"279",35.5302,-16.2429,57,10,0.175438596491228,659,28.3026256561279,130.558334350586,73.4250030517578,123.909126281738,8.88899993896484
"280",35.5352,-13.3116,87,36,0.413793103448276,1207,25.742748260498,99.3916702270508,71.125,43.0962982177734,24.3780002593994
"281",35.6167,-18.05,94,45,0.478723404255319,28,32.4749526977539,91.7416687011719,75.4333343505859,41.7239532470703,2.15199995040894
"282",35.6502,-13.1077,8,3,0.375,1109,26.2068920135498,102.724998474121,71.4583358764648,28.8997764587402,30.8770008087158
"283",35.6542,-14.3528,14,6,0.428571428571429,759,28.8923206329346,84.8499984741211,67.5,413.425384521484,11.9139995574951
"284",35.6822,-17.507,8,8,1,300,31.2949466705322,79.9916687011719,74.9499969482422,13.9448328018188,35.8370018005371
"285",35.7098,-14.3293,4,0,0,741,29.0691165924072,84.466667175293,67.033332824707,43.1057434082031,13.9079999923706
"286",35.7573,-14.3176,8,3,0.375,711,29.2463760375977,84.466667175293,67.033332824707,33.4874572753906,12.996000289917
"287",35.7574,-16.1092,104,21,0.201923076923077,677,28.216796875,142.233337402344,73.908332824707,652.182678222656,7.78499984741211
"288",35.7617,-16.0922,7,7,1,669,28.216796875,142.233337402344,73.908332824707,1126.31396484375,8.9709997177124
"289",35.7756,-16.0997,18,5,0.277777777777778,730,28.216796875,142.233337402344,73.908332824707,1199.75048828125,7.48799991607666
"290",35.7924,-16.4786,60,11,0.183333333333333,461,29.9695854187012,119.566665649414,73.908332824707,41.9691314697266,35.3800010681152
"291",35.7934,-16.2084,38,7,0.184210526315789,690,29.0377635955811,128.258331298828,73.7666702270508,47.720630645752,5.5
"292",35.8743,-15.1958,16,0,0,647,29.0116729736328,109.050003051758,68.2666702270508,225.258560180664,4.80100011825562
"293",35.8758,-15.9942,87,13,0.149425287356322,638,29.5283966064453,134.699996948242,72.3333358764648,73.5204620361328,6.86899995803833
"294",35.8794,-15.2576,12,5,0.416666666666667,657,29.6469440460205,109.050003051758,68.2666702270508,88.2721252441406,6.01399993896484
"295",35.8988,-18.2748,91,41,0.450549450549451,11,33.1258697509766,94.966667175293,76.6750030517578,67.8191375732422,0.955999970436096
"296",35.9279,-14.142,4,2,0.5,681,29.6147880554199,85.9416656494141,66.9416656494141,25.427417755127,5.58900022506714
"297",35.9348,-14.6679,13,4,0.307692307692308,642,29.6963500976562,88.4250030517578,66.4333343505859,8.61441421508789,5.46700000762939
"298",35.9453,-18.2908,108,57,0.527777777777778,12,32.9710807800293,94.966667175293,76.6750030517578,225.414077758789,0.533999979496002
"299",36.0167,-15.7739,49,8,0.163265306122449,742,28.6899566650391,133.066665649414,71.5999984741211,44.1711502075195,13.9820003509521
"300",36.0427,-16.4404,17,12,0.705882352941177,464,30.4234199523926,111.508331298828,73.5749969482422,24.2133884429932,31.9099998474121
"301",36.1455,-12.3216,15,2,0.133333333333333,691,28.8008766174316,106.433334350586,71.341667175293,2.80691170692444,25.6830005645752
"302",36.1689,-15.3075,79,28,0.354430379746835,766,29.5140800476074,111.816665649414,68.6666641235352,31.173038482666,33.4189987182617
"303",36.1741,-13.4345,11,5,0.454545454545455,634,29.7206573486328,95.1166687011719,68.1999969482422,14.0855054855347,0.845000028610229
"304",36.307,-15.4871,71,12,0.169014084507042,808,29.0215015411377,118.341667175293,69.4416656494141,12.550407409668,29.4150009155273
"305",36.3903,-15.1497,121,59,0.487603305785124,690,30.1272144317627,97.1833343505859,66.8333358764648,17.6041374206543,40.3610000610352
"306",36.4109,-18.6272,10,2,0.2,10,30.9020595550537,100.133331298828,78.3583297729492,71.8414993286133,1.91100001335144
"307",36.46,-18.5862,15,1,0.0666666666666667,8,30.6820831298828,100.133331298828,78.3583297729492,221.623016357422,1.04100000858307
"308",36.5337,-14.8005,13,2,0.153846153846154,586,31.6150379180908,81.1166687011719,64.9916687011719,134.619369506836,6.38500022888184
"309",36.5346,-14.8123,18,0,0,585,31.6150379180908,81.1166687011719,64.9916687011719,104.34839630127,6.78000020980835
"310",36.5466,-14.7904,11,2,0.181818181818182,567,31.583251953125,81.1166687011719,64.9916687011719,76.8385238647461,7.82999992370605
"311",36.5531,-14.7976,15,4,0.266666666666667,572,31.4547672271729,81.1166687011719,64.9916687011719,113.151359558105,8.52099990844727
"312",36.6138,-15.143,83,44,0.530120481927711,602,31.0519847869873,93.2750015258789,66.5,67.4835739135742,38.0089988708496
"313",36.6542,-13.3488,10,1,0.1,609,29.9227867126465,95.8249969482422,67.9583358764648,0.672574996948242,19.1909999847412
"314",36.7942,-17.8717,127,88,0.692913385826772,5,31.1125564575195,113.141670227051,78.3916702270508,42.9327545166016,0.398999989032745
"315",36.8016,-15.177,8,4,0.5,697,30.4989585876465,105.058334350586,68.0583343505859,64.5709533691406,37.9029998779297
"316",36.8176,-18.0298,102,77,0.754901960784314,10,30.7952899932861,112.541664123535,78.591667175293,106.258399963379,1.15199995040894
"317",36.8494,-14.7894,104,57,0.548076923076923,537,31.4823360443115,83.3249969482422,66,9.23043632507324,1.61699998378754
"318",36.8792,-17.8703,6,0,0,7,31.015645980835,120.316665649414,78.783332824707,3489.88696289062,0.966000020503998
"319",36.8792,-17.8619,7,1,0.142857142857143,6,31.015645980835,120.316665649414,78.783332824707,3145.96557617188,1.78100001811981
"320",36.8891,-17.8636,7,0,0,7,31.015645980835,120.316665649414,78.783332824707,3326.0302734375,2.1029999256134
"321",36.9034,-17.8718,18,2,0.111111111111111,8,31.015645980835,120.316665649414,78.783332824707,3082.861328125,0.944999992847443
"322",36.9149,-17.8642,18,1,0.0555555555555556,8,31.015645980835,120.316665649414,78.783332824707,1617.60925292969,1.84899997711182
"323",36.9164,-14.2056,10,4,0.4,591,30.9299907684326,87.8499984741211,66.1666641235352,27.0756378173828,13.701000213623
"324",36.9497,-16.6903,7,6,0.857142857142857,174,31.8112182617188,103.633331298828,75.1999969482422,10.4021253585815,4.45800018310547
"325",36.9628,-14.6939,68,39,0.573529411764706,537,31.7491054534912,83.3249969482422,66,4.0764045715332,1.52699995040894
"326",36.9719,-16.843,6,1,0.166666666666667,163,31.731014251709,102.008331298828,75.8499984741211,1211.15295410156,1.2059999704361
"327",36.9727,-15.458,6,2,0.333333333333333,658,27.5937442779541,116.724998474121,69.5500030517578,970.030517578125,1.78100001811981
"328",36.9789,-15.4752,13,4,0.307692307692308,678,29.5486373901367,116.724998474121,69.5500030517578,1280.767578125,1.15900003910065
"329",36.9848,-16.8328,16,5,0.3125,116,31.9382476806641,103.633331298828,75.1999969482422,1570.85632324219,0.472000002861023
"330",36.9897,-16.8515,13,11,0.846153846153846,144,31.731014251709,102.008331298828,75.8499984741211,899.711547851562,1.41999995708466
"331",36.9899,-15.4741,22,13,0.590909090909091,695,29.5486373901367,116.724998474121,69.5500030517578,994.724304199219,0.824000000953674
"332",36.9935,-15.4627,13,5,0.384615384615385,689,29.5486373901367,116.724998474121,69.5500030517578,535.821105957031,0.851999998092651
"333",36.9952,-16.8409,9,1,0.111111111111111,131,31.731014251709,102.008331298828,75.8499984741211,1032.97778320312,0.771000027656555
"334",37.0165,-17.2695,61,38,0.622950819672131,81,31.5087699890137,104.175003051758,77.283332824707,33.264949798584,5.83199977874756
"335",37.0266,-17.4998,68,37,0.544117647058823,22,31.5561389923096,105.091667175293,77.7916641235352,364.553894042969,0.964999973773956
"336",37.0279,-14.8912,13,10,0.769230769230769,574,31.6813583374023,88.0833358764648,67,27.5777339935303,18.8719997406006
"337",37.0354,-17.2218,39,25,0.641025641025641,60,31.602222442627,104.175003051758,77.283332824707,37.7697792053223,2.93700003623962
"338",37.0515,-17.8252,2,0,0,8,30.7321395874023,114.283332824707,78.6666641235352,80.9731063842773,3.3970000743866
"339",37.159,-17.5755,31,22,0.709677419354839,4,31.4554672241211,108.366668701172,78.25,60.3311386108398,5.01200008392334
"340",37.1676,-16.5194,14,6,0.428571428571429,234,31.6353855133057,113.691665649414,74.9583358764648,69.306755065918,2.21099996566772
"341",37.1693,-13.8748,14,2,0.142857142857143,579,30.8617553710938,94.7583312988281,66.9000015258789,35.8411750793457,32.0909996032715
"342",37.1883,-15.8026,14,4,0.285714285714286,504,30.0670299530029,126.574996948242,71.0416641235352,44.5322532653809,9.81400012969971
"343",37.1894,-17.7069,41,23,0.560975609756098,12,30.8385009765625,114.324996948242,78.8833312988281,136.309768676758,0.512000024318695
"344",37.2006,-17.4767,55,32,0.581818181818182,26,31.4405918121338,109.208335876465,78.091667175293,50.2742652893066,0.843999981880188
"345",37.2702,-17.6492,54,35,0.648148148148148,7,30.9316482543945,111.224998474121,78.5166702270508,91.1467514038086,3.99300003051758
"346",37.389,-17.3772,11,4,0.363636363636364,22,31.3808135986328,112.241668701172,78.3666687011719,34.3177833557129,1.24300003051758
"347",37.4155,-14.9538,7,6,0.857142857142857,630,30.379020690918,86.6999969482422,67.8000030517578,121.615570068359,3.99799990653992
"348",37.4463,-16.4416,12,6,0.5,328,30.4037818908691,121.016670227051,74.408332824707,13.4542140960693,31.3759994506836
"349",37.5045,-13.1967,14,0,0,807,29.3899459838867,91,68.0250015258789,41.9766273498535,16.4249992370605
"350",37.5497,-15.4039,49,33,0.673469387755102,720,29.1953258514404,110.925003051758,69.8583297729492,126.137794494629,37.0439987182617
"351",37.5773,-16.7618,12,7,0.583333333333333,208,30.6802272796631,114.608329772949,76.1833343505859,13.7740650177002,21.1189994812012
"352",37.7465,-16.3678,10,6,0.6,249,30.941930770874,116.074996948242,74.8083343505859,17.1155185699463,15.5209999084473
"353",37.7594,-13.8882,14,5,0.357142857142857,508,30.8988952636719,89.841667175293,67.3499984741211,0.858840227127075,9.56799983978271
"354",37.9927,-14.2566,78,35,0.448717948717949,402,31.5398979187012,87.8666687011719,67.5833358764648,1.78065299987793,0.878000020980835
"355",38.0328,-16.2511,54,35,0.648148148148148,244,30.8711090087891,112.958335876465,74.3166656494141,8.20162868499756,14.5329999923706
"356",38.1016,-16.1289,72,51,0.708333333333333,353,30.2858963012695,113.099998474121,73.4583358764648,54.4926643371582,17.3689994812012
"357",38.3472,-15.0023,9,6,0.666666666666667,565,30.2381038665771,100.666664123535,69.6166687011719,52.546070098877,18.5009994506836
"358",38.3792,-16.137,91,63,0.692307692307692,176,31.1773796081543,108.233329772949,73.8000030517578,56.0230827331543,0.77700001001358
"359",38.3799,-15.5458,42,31,0.738095238095238,465,30.2297763824463,104.858329772949,71.466667175293,17.1988048553467,5.96099996566772
"360",38.3842,-13.7514,7,3,0.428571428571429,484,30.6844062805176,87.1833343505859,68.125,2.05918312072754,39.3209991455078
"361",38.3935,-15.7922,10,8,0.8,325,30.7321166992188,105.291664123535,72.25,8.04747104644775,12.4370002746582
"362",38.5413,-15.4738,91,55,0.604395604395604,439,30.2866764068604,102.574996948242,70.8666687011719,11.4398012161255,12.1230001449585
"363",38.5613,-12.6857,14,8,0.571428571428571,453,31.03271484375,81.091667175293,69.5416641235352,0.315434753894806,14.96399974823
"364",38.5615,-13.3502,15,5,0.333333333333333,580,30.7117900848389,85.3083343505859,68.3583297729492,144.497161865234,12.0010004043579
"365",38.6582,-15.8903,57,40,0.701754385964912,190,31.0851593017578,105.158332824707,73.158332824707,7.79086494445801,2.72399997711182
"366",38.6835,-15.2113,59,41,0.694915254237288,502,29.9227027893066,97.3000030517578,70.4333343505859,27.9923458099365,23.5419998168945
"367",38.6925,-15.6546,69,45,0.652173913043478,315,30.7775402069092,100.533332824707,71.8083343505859,23.3281230926514,2.97000002861023
"368",38.7182,-15.4485,97,58,0.597938144329897,372,30.8610401153564,98.9833297729492,71.091667175293,202.914749145508,25.6730003356934
"369",38.8017,-13.9468,6,0,0,392,31.7622947692871,87.4000015258789,68.8249969482422,119.999526977539,16.0389995574951
"370",38.8814,-16.7854,17,11,0.647058823529412,53,31.2010555267334,101.716667175293,77.0666656494141,58.606559753418,5.3289999961853
"371",38.9022,-14.6552,13,6,0.461538461538462,488,30.8541660308838,91.7750015258789,69.4166641235352,125.539741516113,39.7229995727539
"372",38.9911,-13.5989,16,9,0.5625,412,31.3441505432129,84.0166702270508,69.0999984741211,44.3707084655762,27.121000289917
"373",38.9913,-13.1247,11,5,0.454545454545455,506,31.1982288360596,79.1166687011719,68.9916687011719,1723.697265625,4.02799987792969
"374",39.002,-13.1257,13,9,0.692307692307692,525,31.0922164916992,79.2416687011719,69.4833297729492,1816.90393066406,2.98499989509583
"375",39.0029,-13.1278,17,2,0.117647058823529,525,31.0922164916992,79.2416687011719,69.4833297729492,1816.90393066406,2.95000004768372
"376",39.0163,-13.1321,9,4,0.444444444444444,532,31.0922164916992,79.2416687011719,69.4833297729492,672.909729003906,1.95000004768372
"377",39.0476,-16.5184,89,52,0.584269662921348,34,31.638484954834,99.4583358764648,76.591667175293,19.7506294250488,0.533999979496002
"378",39.0811,-16.5583,14,13,0.928571428571429,68,31.550464630127,99.4583358764648,76.591667175293,38.9874305725098,5.27199983596802
"379",39.1482,-16.0969,11,8,0.727272727272727,158,31.6076831817627,99.5833358764648,74.5999984741211,194.995422363281,13.9350004196167
"380",39.2131,-14.9346,12,4,0.333333333333333,436,30.3364124298096,89.6500015258789,70.216667175293,28.5042190551758,10.5080003738403
"381",39.222,-16.7475,14,5,0.357142857142857,9,31.2246646881104,97.6916656494141,77.2083358764648,418.069854736328,1.30200004577637
"382",39.2346,-15.119,14,5,0.357142857142857,377,30.6771869659424,89.4000015258789,70.3249969482422,2570.1484375,7.87099981307983
"383",39.236,-15.1044,4,1,0.25,395,30.6771869659424,89.4000015258789,70.3249969482422,3700.91772460938,7.09899997711182
"384",39.2367,-11.2534,6,3,0.5,223,30.89231300354,81.033332824707,74.9499969482422,5.92690944671631,7.53399991989136
"385",39.2537,-15.1014,15,7,0.466666666666667,398,30.6173858642578,89.4000015258789,70.3249969482422,2844.54150390625,7.7039999961853
"386",39.2561,-15.1321,18,5,0.277777777777778,419,30.6818943023682,89.4000015258789,70.3249969482422,2785.18774414062,10.5550003051758
"387",39.267,-15.1079,19,0,0,425,30.6173858642578,89.4000015258789,70.3249969482422,3632.04223632812,8.41800022125244
"388",39.2684,-15.1334,11,0,0,389,30.6818943023682,89.4000015258789,70.3249969482422,3419.73217773438,11.293999671936
"389",39.2841,-16.4459,13,11,0.846153846153846,59,31.6902961730957,97.6416702270508,76.1750030517578,9.77012729644775,18.7689990997314
"390",39.3636,-15.7279,11,5,0.454545454545455,124,31.7215785980225,95.8083343505859,73.7750015258789,287.299377441406,3.74200010299683
"391",39.4159,-15.156,17,14,0.823529411764706,330,30.5158023834229,89.4250030517578,71.033332824707,47.5835418701172,3.84100008010864
"392",39.4186,-13.2416,8,0,0,379,31.3371543884277,80.9416656494141,71.5500030517578,2.04729580879211,23.4270000457764
"393",39.4369,-12.424,19,9,0.473684210526316,357,30.9565944671631,83.6666641235352,73.4833297729492,0.681939959526062,14.0349998474121
"394",39.5492,-13.6578,17,8,0.470588235294118,284,31.2416610717773,82.3916702270508,72.408332824707,5.91658782958984,9.5310001373291
"395",39.5498,-11.6574,13,3,0.230769230769231,839,27.2723827362061,98.1500015258789,75.0250015258789,175.988708496094,45.3310012817383
"396",39.5813,-11.6653,15,2,0.133333333333333,812,27.2723827362061,98.1500015258789,75.0250015258789,154.741409301758,43.4529991149902
"397",39.6332,-12.8483,9,2,0.222222222222222,365,31.4532203674316,82.2916641235352,73.2083358764648,8.62614154815674,13.1809997558594
"398",39.6724,-11.4823,12,1,0.0833333333333333,628,28.0242290496826,91.841667175293,76.0999984741211,28.7249546051025,37.5909996032715
"399",39.7305,-15.0996,9,6,0.666666666666667,286,30.3970508575439,88.25,72.6333312988281,36.5661926269531,26.0970001220703
"400",39.7465,-16.3628,16,4,0.25,27,31.9944305419922,93.1916656494141,76.9000015258789,305.475982666016,3.19400000572205
"401",39.7591,-11.8572,7,3,0.428571428571429,649,28.4712352752686,92.5166702270508,75.6333312988281,27.7106170654297,19.8600006103516
"402",39.7625,-13.4069,10,3,0.3,309,31.6393795013428,81.5999984741211,73.6416702270508,112.367218017578,26.9330005645752
"403",39.7636,-13.4078,17,6,0.352941176470588,309,31.6393795013428,81.5999984741211,73.6416702270508,112.367218017578,26.8040008544922
"404",39.7653,-11.3604,10,2,0.2,473,28.7657508850098,91.841667175293,76.0999984741211,20.1879482269287,37.4230003356934
"405",39.8273,-16.1532,14,11,0.785714285714286,12,32.2837257385254,93.408332824707,75.9499969482422,99.9192047119141,2.50799989700317
"406",39.8389,-12.1644,32,20,0.625,236,31.1337299346924,93.216667175293,76.3166656494141,6.17757940292358,13.0520000457764
"407",39.8449,-13.7229,3,1,0.333333333333333,235,31.3816356658936,83.3166656494141,74.0583343505859,175.905731201172,4.4539999961853
"408",39.882,-13.2138,15,8,0.533333333333333,243,31.8159885406494,80.6750030517578,75.0833358764648,36.5671310424805,10.03600025177
"409",39.8936,-16.2134,10,5,0.5,5,31.7774639129639,91.8499984741211,76.8000030517578,219.99951171875,0.368000000715256
"410",39.913,-16.225,10,7,0.7,19,31.7774639129639,91.8499984741211,76.8000030517578,348.177215576172,0.850000023841858
"411",39.962,-13.372,10,4,0.4,263,31.1402606964111,80.9333343505859,74.7750015258789,103.784744262695,15.9469995498657
"412",39.9631,-14.41,9,8,0.888888888888889,295,30.849250793457,85.0250015258789,73.158332824707,44.5743637084961,23.8729991912842
"413",39.9653,-12.0433,35,19,0.542857142857143,382,29.9351387023926,93.216667175293,76.3166656494141,3.99840569496155,8.41499996185303
"414",39.9723,-14.7426,74,41,0.554054054054054,227,31.0129261016846,85.3083343505859,73.1083297729492,280.451019287109,13.1300001144409
"415",39.9837,-14.9194,5,0,0,199,31.0869979858398,85.3916702270508,73.2416687011719,690.831481933594,2.47300004959106
"416",40.07,-12.4828,37,23,0.621621621621622,107,31.5463981628418,87.7916641235352,77.1166687011719,14.6567897796631,13.0579996109009
"417",40.0721,-12.2823,47,27,0.574468085106383,434,29.6021175384521,97.1916656494141,76.8666687011719,16.8366317749023,34.5260009765625
"418",40.1019,-11.9517,51,28,0.549019607843137,155,30.9558544158936,90.7249984741211,77.2583312988281,19.783275604248,2.17300009727478
"419",40.1031,-15.0942,80,39,0.4875,161,30.8433589935303,84.6999969482422,74.0666656494141,22.3893737792969,12.9469995498657
"420",40.1204,-12.2521,27,4,0.148148148148148,429,29.6407833099365,97.1916656494141,76.8666687011719,70.6936111450195,35.3269996643066
"421",40.1362,-15.3442,7,6,0.857142857142857,127,30.9010200500488,87.1333312988281,74.6666641235352,8.01530361175537,16.6989994049072
"422",40.2439,-11.8852,16,14,0.875,264,29.8530387878418,93.6666641235352,77.8166656494141,1.92176747322083,9.61699962615967
"423",40.3022,-14.9169,92,49,0.532608695652174,97,31.619499206543,81.5083312988281,74.6166687011719,1739.42907714844,1.41999995708466
"424",40.3386,-14.7196,51,31,0.607843137254902,196,30.8541126251221,80.5416641235352,75.1333312988281,70.7569351196289,8.21500015258789
"425",40.3527,-11.3429,15,9,0.6,25,30.7187156677246,94.7333297729492,78.3916702270508,402.440551757812,1.09099996089935
"426",40.3656,-11.3596,15,0,0,23,30.7187156677246,94.7333297729492,78.3916702270508,136.714294433594,0.778999984264374
"427",40.3669,-11.654,31,18,0.580645161290323,65,30.3422756195068,95.1166687011719,78.3833312988281,60.5864028930664,3.83699989318848
"428",40.3947,-14.4022,7,1,0.142857142857143,166,30.8152770996094,81.7333297729492,75.3499984741211,36.1479454040527,13.5649995803833
"429",40.4192,-12.0897,40,22,0.55,137,30.7206573486328,92.5833358764648,78.4749984741211,24.6672401428223,9.02299976348877
"430",40.4745,-12.0721,39,22,0.564102564102564,38,31.1932144165039,92.5833358764648,78.4749984741211,112.383308410645,2.77800011634827
"431",40.4784,-12.1683,41,17,0.414634146341463,12,31.1682777404785,88.375,78.6083297729492,17.2391891479492,0.544000029563904
"432",40.4796,-12.4351,16,3,0.1875,33,30.9948043823242,84.2583312988281,78.75,18.9031505584717,2.22300004959106
"433",40.5106,-12.9611,8,1,0.125,22,30.113842010498,79.283332824707,79.716667175293,2242.041015625,0.587999999523163
"434",40.5138,-14.2177,11,2,0.181818181818182,58,31.0596179962158,80.8249969482422,76.3000030517578,120.051315307617,2.47300004959106
"435",40.5219,-15.202,17,8,0.470588235294118,14,31.445930480957,80.3249969482422,75.9166641235352,40.5795021057129,1.0809999704361
"436",40.5219,-12.9661,11,1,0.0909090909090909,13,30.113842010498,79.283332824707,79.716667175293,2590.61499023438,0.564000010490417
"437",40.5275,-12.9714,14,0,0,25,30.113842010498,79.283332824707,79.716667175293,2061.63256835938,0.935999989509583
"438",40.5302,-12.9806,11,2,0.181818181818182,43,30.113842010498,79.283332824707,79.716667175293,2148.63671875,1.58000004291534
"439",40.5372,-13.0745,73,56,0.767123287671233,60,30.7406692504883,79.283332824707,79.716667175293,107.236785888672,1.53900003433228
"440",40.5381,-11.9986,37,24,0.648648648648649,38,31.1808776855469,92.5833358764648,78.4749984741211,4.33996629714966,0.207000002264977
"441",40.5569,-13.2917,97,58,0.597938144329897,15,31.1507415771484,80.0583343505859,79.0999984741211,158.160247802734,0.412999987602234
"442",40.5594,-12.9668,11,0,0,23,30.7948570251465,79.283332824707,79.716667175293,397.994689941406,0.202999994158745
"443",40.6573,-14.96,15,8,0.533333333333333,17,31.7842388153076,77.5749969482422,75.7583312988281,281.943023681641,0.381999999284744
"444",40.6757,-14.5544,6,4,0.666666666666667,58,31.3365364074707,80.5666656494141,76.341667175293,1560.03564453125,0.270000010728836
"445",40.6824,-14.5387,5,0,0,65,31.3768558502197,80.5666656494141,76.341667175293,2075.78076171875,0.769999980926514
"446",40.6954,-14.5556,1,0,0,138,31.3365364074707,80.5666656494141,76.341667175293,2030.51684570312,2.33500003814697
"447",40.7304,-15.0403,8,6,0.75,17,31.7842388153076,77.5749969482422,75.7583312988281,679.813903808594,0
